Wall time,Step,Value
1638725488.261446,649,0.7840881943702698
1638725498.2072592,1299,0.8493526577949524
1638725508.1510558,1949,0.8684121966362
1638725518.0205903,2599,0.8601819276809692
1638725527.5531123,3249,0.864754319190979
1638725537.1231816,3899,0.8572459816932678
1638725546.615268,4549,0.8713481426239014
1638725556.122368,5199,0.8698561191558838
1638725565.7766104,5849,0.8786638975143433
1638725575.4457297,6499,0.8709149360656738
1638725584.9279833,7149,0.8918034434318542
1638725594.8865027,7799,0.8920440673828125
1638725604.8314211,8449,0.8961832523345947
1638725614.454386,9099,0.9026808738708496
1638725624.5272076,9749,0.9124512672424316
1638725634.672359,10399,0.9214034676551819
1638725644.5987015,11049,0.9270828366279602
1638725654.5217743,11699,0.9272271990776062
1638725664.5257478,12349,0.9353612065315247
1638725674.5631692,12999,0.9416181445121765
1638725684.5958436,13649,0.9487413763999939
1638725694.7739794,14299,0.9527842998504639
1638725704.8843718,14949,0.9564903378486633
1638725714.9556754,15599,0.9601482152938843
1638725724.8997247,16249,0.9642392992973328
1638725734.8586311,16899,0.9658757448196411
1638725744.827264,17549,0.9665495753288269
1638725754.4559062,18199,0.9668383598327637
1638725764.0294485,18849,0.9662607908248901
1638725773.5577335,19499,0.9663088917732239
